{
  "plans": {
    "free": {
      "id": "free",
      "name": "Free",
      "price_jpy": 0,
      "energy": {
        "daily_cap": 5,
        "auto_refill": true
      },
      "item_access": {
        "lite": true,
        "pro": false
      },
      "features": {
        "mistakes_hub": {
          "enabled": false,
          "daily_limit": 0
        },
        "ai_explain": {
          "mode": "off"
        }
      }
    },
    "pro": {
      "id": "pro",
      "name": "Pro",
      "price_jpy": 1490,
      "energy": {
        "daily_cap": null,
        "auto_refill": false
      },
      "item_access": {
        "lite": true,
        "pro": false
      },
      "features": {
        "mistakes_hub": {
          "enabled": false,
          "daily_limit": 0
        },
        "ai_explain": {
          "mode": "off"
        }
      },
      "stripe_price_id": "price_1SJ82EJDXOz4c0ISSpJmO8sx"
    },
    "max": {
      "id": "max",
      "name": "Max",
      "price_jpy": 1980,
      "energy": {
        "daily_cap": null,
        "auto_refill": false
      },
      "item_access": {
        "lite": true,
        "pro": true
      },
      "features": {
        "mistakes_hub": {
          "enabled": true,
          "daily_limit": null
        },
        "ai_explain": {
          "mode": "off"
        }
      },
      "stripe_price_id": "price_1SJ82FJDXOz4c0ISrrFASipQ"
    }
  },
  "defaults": {
    "lesson_size": 15,
    "mistakes_hub_size": 10,
    "long_think_threshold_seconds": 25,
    "past_days_window": 30,
    "optimal_p_min": 0.55,
    "optimal_p_max": 0.7
  }
}
