[
  {
    "id": "work_l01_001",
    "type": "swipe_judgment",
    "question": "「後でやろう」と思ったタスクは、結局やらないで終わることが多い。",
    "is_true": true,
    "swipe_labels": {
      "left": "わかる",
      "right": "そうでもない"
    },
    "explanation": "先延ばしは意志力の問題ではなく、「不快」を避けようとする自然な傾向。タスクの始め方を変えることで改善する可能性がある。",
    "actionable_advice": null,
    "difficulty": "easy",
    "xp": 5,
    "source_id": "Steel_2007",
    "evidence_grade": "silver",
    "expanded_details": {
      "claim_type": "observation",
      "evidence_type": "direct",
      "best_for": [
        "先延ばし傾向のある人",
        "タスクが溜まりやすい人"
      ],
      "limitations": [
        "先延ばしが適応的なケースもある（情報待ちなど）"
      ],
      "citation_role": "先延ばし行動のメタ分析による観察",
      "claim_tags": [
        "procrastination",
        "self_regulation",
        "task_management"
      ]
    }
  },
  {
    "id": "work_l01_002",
    "type": "multiple_choice",
    "question": "「やる気が出たらやろう」を待っているとき、何が起きている可能性がある？",
    "choices": [
      "不快を回避し続けている状態",
      "体が休息を求めている",
      "本当に必要なタスクではない"
    ],
    "correct_index": 0,
    "explanation": "やる気は「待つもの」ではなく「やり始めると出てくる」傾向がある。10秒だけ手を動かすと、タスクモードに切り替わることがある。（「休息が必要」「必要じゃない」と思いがちだけど、避けたい気持ちのことが多い）",
    "actionable_advice": "💡 次に「やる気待ち」になったら、10秒だけ手を動かしてみる。嫌なら即やめてOK。",
    "difficulty": "easy",
    "xp": 5,
    "source_id": "Steel_2007",
    "evidence_grade": "silver",
    "expanded_details": {
      "claim_type": "theory",
      "evidence_type": "theoretical",
      "best_for": [
        "やる気待ちが長い人",
        "始めるのが苦手な人"
      ],
      "limitations": [
        "本当に疲れているときは休息が必要",
        "慢性的な無気力には別の対応が必要"
      ],
      "citation_role": "先延ばし研究における行動活性化理論を説明",
      "claim_tags": [
        "procrastination",
        "motivation",
        "theory"
      ]
    }
  },
  {
    "id": "work_l01_003",
    "type": "swipe_judgment",
    "question": "「5分だけやる」と決めると、結局5分以上続けてしまうことがある。",
    "is_true": true,
    "swipe_labels": {
      "left": "そうかも",
      "right": "なさそう"
    },
    "explanation": "始めるハードルを下げると、タスクに「ノりやすく」なる傾向がある。本当に5分で終わってもOK。できなくても普通。まず1回だけ。",
    "actionable_advice": null,
    "difficulty": "easy",
    "xp": 5,
    "source_id": "Gollwitzer_1999",
    "evidence_grade": "silver",
    "expanded_details": {
      "claim_type": "intervention",
      "evidence_type": "indirect",
      "best_for": [
        "大きなタスクに圧倒される人",
        "完璧主義傾向がある人"
      ],
      "limitations": [
        "5分で終わらないタスクには追加ステップが必要"
      ],
      "citation_role": "実行意図研究から5分ルールの効果を間接支持",
      "try_this": "👉 タスクが重いとき → 10秒だけ「5分版」を書き出す",
      "claim_tags": [
        "implementation_intention",
        "procrastination",
        "task_initiation"
      ],
      "tiny_metric": {
        "metric": "5分タイマーを押して始められたか",
        "stop_rule": "3回連続で押せなかったらやめる"
      },
      "comparator": {
        "baseline": "タスク全体を見て圧倒される",
        "cost": "5分 / 負荷は低い"
      },
      "fallback": {
        "when": "5分でも長すぎる",
        "next": "2分版に縮小"
      }
    }
  },
  {
    "id": "work_l01_004",
    "type": "multiple_choice",
    "question": "先延ばしを減らすのに、効果が報告されている方法は？",
    "choices": [
      "「いつ・どこで・何をする」を先に決める",
      "期限を短く設定する",
      "ご褒美を用意する"
    ],
    "correct_index": 0,
    "explanation": "「実行意図」（if-then計画）は先延ばしを減らす可能性が示唆されている。人によって効果に差がある。まず1回だけ。（「期限を短く」「ご褒美」も使えるが、先に「いつ・どこで」を決める方が効果的）",
    "actionable_advice": "💡 次のタスクで「○時に△で□する」を1つ決めてみる。",
    "difficulty": "medium",
    "xp": 5,
    "source_id": "Gollwitzer_1999",
    "evidence_grade": "silver",
    "expanded_details": {
      "claim_type": "intervention",
      "evidence_type": "direct",
      "best_for": [
        "計画を立てるのが好きな人",
        "曖昧なタスクで動けない人"
      ],
      "limitations": [
        "計画通りに行かないとストレスになることも",
        "柔軟性が必要な状況には不向き"
      ],
      "citation_role": "実行意図の効果を直接支持",
      "try_this": "👉 今から10秒で「○時に△で□する」を1つだけ決める",
      "claim_tags": [
        "implementation_intention",
        "procrastination",
        "goal_setting"
      ],
      "tiny_metric": {
        "metric": "if-then計画を1つ作れたか",
        "stop_rule": "3回連続で作れなかったらやめる"
      },
      "comparator": {
        "baseline": "「やらなきゃ」と思うだけ",
        "cost": "30秒 / 負荷は低い"
      },
      "fallback": {
        "when": "計画が複雑すぎる",
        "next": "「次に〇〇になったら△する」に簡略化"
      }
    }
  },
  {
    "id": "work_l01_005",
    "type": "swipe_judgment",
    "question": "「完璧にやらなきゃ」と思うほど、先延ばししやすい。",
    "is_true": true,
    "swipe_labels": {
      "left": "わかる",
      "right": "そうでもない"
    },
    "explanation": "完璧主義と先延ばしには関連が報告されている。「70%でOK」と決めると動きやすくなる傾向がある。",
    "actionable_advice": null,
    "difficulty": "easy",
    "xp": 5,
    "source_id": "Steel_2007",
    "evidence_grade": "bronze",
    "expanded_details": {
      "claim_type": "observation",
      "evidence_type": "direct",
      "best_for": [
        "完璧主義傾向がある人",
        "始める前に考えすぎる人"
      ],
      "limitations": [
        "品質が本当に重要な場面では完璧主義が必要なことも"
      ],
      "citation_role": "完璧主義と先延ばしの関連を観察研究で支持",
      "claim_tags": [
        "perfectionism",
        "procrastination",
        "anxiety"
      ]
    }
  },
  {
    "id": "work_l01_006",
    "type": "multiple_choice",
    "question": "「タスクが大きすぎて動けない」とき、どうすると動きやすい？",
    "choices": [
      "次の1ステップだけに絞る",
      "期限を意識する",
      "人に頼む"
    ],
    "correct_index": 0,
    "explanation": "大きなタスクは「分割する」と処理しやすくなる傾向がある。「次の1手」だけ決めると動き出せることも。まず1回だけ。（「期限意識」「人に頼む」も有効だが、分割が最初の一歩）",
    "actionable_advice": "💡 今抱えてる大きなタスクの「次の1手」だけを書き出してみる。",
    "difficulty": "medium",
    "xp": 5,
    "source_id": "Gollwitzer_1999",
    "evidence_grade": "bronze",
    "expanded_details": {
      "claim_type": "intervention",
      "evidence_type": "indirect",
      "best_for": [
        "大きなプロジェクトを抱える人",
        "全体像で圧倒される人"
      ],
      "limitations": [
        "分割しすぎると逆に複雑になることも"
      ],
      "citation_role": "実行意図研究からタスク分割の効果を間接支持",
      "try_this": "👉 10秒で「次の1手」だけ書き出す",
      "claim_tags": [
        "task_decomposition",
        "procrastination",
        "goal_setting"
      ],
      "tiny_metric": {
        "metric": "「次の1手」を書き出せたか",
        "stop_rule": "3回連続で書き出せなかったらやめる"
      },
      "comparator": {
        "baseline": "タスク全体を見て固まる",
        "cost": "30秒 / 負荷は低い"
      },
      "fallback": {
        "when": "1手も思いつかない",
        "next": "「とりあえず○を開く」から始める"
      }
    }
  },
  {
    "id": "work_l01_007",
    "type": "conversation",
    "question": "同僚から「まだその仕事終わってないの？」と言われた。どう返す？",
    "choices": [
      "「今ちょうど始めるところ。5分だけやってみる」",
      "「いや、今週中にはやる」",
      "「うるさいな」"
    ],
    "recommended_index": 0,
    "explanation": "宣言すると「社会的コミットメント」になって動きやすくなる傾向がある。プレッシャーに弱い人は逆効果になることも。まず1回だけ。",
    "actionable_advice": null,
    "difficulty": "hard",
    "xp": 10,
    "source_id": "Gollwitzer_1999",
    "evidence_grade": "bronze",
    "expanded_details": {
      "claim_type": "intervention",
      "evidence_type": "indirect",
      "best_for": [
        "人との約束で動ける人",
        "外発的動機が効く人"
      ],
      "limitations": [
        "プレッシャーに弱い人には逆効果になることも"
      ],
      "citation_role": "社会的コミットメントの効果を間接支持",
      "claim_tags": [
        "social_commitment",
        "procrastination",
        "accountability"
      ],
      "try_this": "👉 10秒で誰かに「5分だけやる」と宣言する",
      "tiny_metric": {
        "metric": "宣言した後に5分動けたか",
        "stop_rule": "3回連続で動けなかったらやめる"
      },
      "comparator": {
        "baseline": "誰にも言わず先延ばしする",
        "cost": "宣言するだけ / 負荷は低い"
      },
      "fallback": {
        "when": "宣言がプレッシャーになる",
        "next": "宣言なしで10秒ルールに切り替え"
      }
    }
  },
  {
    "id": "work_l01_008",
    "type": "swipe_judgment",
    "question": "先延ばしは「怠け」ではなく「感情調整」の問題という見方がある。",
    "is_true": true,
    "swipe_labels": {
      "left": "そうかも",
      "right": "違うと思う"
    },
    "explanation": "最近の研究では、先延ばしは「不快な感情を避ける」行動として理解されている傾向がある。つまり意志力より感情調整がカギになることも。",
    "actionable_advice": null,
    "difficulty": "medium",
    "xp": 5,
    "source_id": "Sirois_2013",
    "evidence_grade": "silver",
    "expanded_details": {
      "claim_type": "theory",
      "evidence_type": "theoretical",
      "best_for": [
        "自分を責めがちな人",
        "先延ばしで自己嫌悪する人"
      ],
      "limitations": [
        "すべての先延ばしが感情調整とは限らない"
      ],
      "citation_role": "先延ばしの感情調整モデルを理論的に支持",
      "claim_tags": [
        "emotion_regulation",
        "procrastination",
        "self_compassion"
      ]
    }
  },
  {
    "id": "work_l01_009",
    "type": "multiple_choice",
    "question": "先延ばしを減らすのに、効果が報告されている具体的な方法は？",
    "choices": [
      "「10秒だけ」と決めて手を動かす",
      "ToDoリストを作る",
      "締め切りをカレンダーに入れる"
    ],
    "correct_index": 0,
    "explanation": "10秒ルールは「始めるハードル」を下げる方法として効果が示唆されている。ToDoリストや締め切りも有効だが、10秒ルールは最も負荷が低い。まず1回だけ。（「ToDo」「カレンダー」は準備が必要）",
    "actionable_advice": "💡 明日1回だけ試す：動けなくなったら10秒だけ手を動かす。",
    "difficulty": "medium",
    "xp": 10,
    "source_id": "Steel_2007",
    "evidence_grade": "silver",
    "expanded_details": {
      "claim_type": "intervention",
      "evidence_type": "indirect",
      "best_for": [
        "先延ばしが多い人",
        "手軽に始めたい人"
      ],
      "limitations": [
        "慢性的な無気力には効果が薄い場合がある"
      ],
      "citation_role": "先延ばしメタ分析から10秒ルールの効果を間接支持",
      "try_this": "動けなくなったら10秒だけ手を動かす",
      "claim_tags": [
        "procrastination",
        "task_initiation",
        "self_regulation"
      ],
      "tiny_metric": {
        "before_prompt": "今の「やりたくない度」は？（0-10）",
        "after_prompt": "10秒後は？",
        "success_rule": "少しでも下がればOK",
        "stop_rule": "変わらない or 上がったら今日は撤退"
      },
      "comparator": {
        "baseline": "やる気が出るのを待つ",
        "cost": "10秒 / 負荷は低い"
      },
      "fallback": {
        "when": "10秒でも動けない",
        "next": "タスクを「最小単位」に分解"
      }
    }
  },
  {
    "id": "work_l01_010",
    "type": "multiple_choice",
    "question": "今日学んだことで、明日から使えそうなのはどれ？",
    "choices": [
      "「10秒だけ」と決めて手を動かす",
      "「5分だけ」で始める",
      "「次の1手」だけを決める",
      "全部やってみる"
    ],
    "correct_index": 3,
    "explanation": "どれも試してみる価値がある。先延ばしは「克服」より「付き合い方」を見つけることが大事かもしれない。合わなければ別の方法へ。まず1回だけ。（個別の選択肢も有効、一番手軽なのは10秒ルール）",
    "actionable_advice": "💡 今日のアクション：次のタスクで「10秒だけ」を試す。",
    "difficulty": "easy",
    "xp": 10,
    "source_id": "Steel_2007",
    "evidence_grade": "bronze",
    "expanded_details": {
      "claim_type": "intervention",
      "evidence_type": "indirect",
      "best_for": [
        "新しい習慣を始めたい人"
      ],
      "limitations": [
        "全部は続かないかもしれない"
      ],
      "citation_role": "先延ばし介入の有効性を間接支持",
      "try_this": "次のタスクで「10秒だけ」を試す",
      "claim_tags": [
        "procrastination",
        "habit_formation",
        "self_regulation"
      ],
      "tiny_metric": {
        "metric": "今週1回でも10秒ルールを使えたか",
        "stop_rule": "1週間1回も思い出せなかったらやめる"
      },
      "comparator": {
        "baseline": "何も試さない",
        "cost": "10秒 × 数回/週"
      },
      "fallback": {
        "when": "10秒ルールが合わない",
        "next": "5分ルール or if-then計画に切り替え"
      }
    }
  }
]